Nombre,Precio,Unidades,Marca,Página Web
Huevo Jumbo Blanco XL - Caja de 100 unidades ,$30.000,100,Agricovial,Agricovial
Huevo Jumbo Blanco - Caja de 100 unidades ,$25.000,100,Agricovial,Agricovial
Huevo Super Blanco- Caja de 100 unidades ,$23.000,100,Agricovial,Agricovial
Huevo Extra Blanco - Caja de 180 unidades ,$38.520,180,Agricovial,Agricovial
Huevo Primera Blanco - Caja de 180 unidades ,$38.160,180,Agricovial,Agricovial
Huevo Jumbo Color - Caja de 100 unidades ,$25.500,100,Agricovial,Agricovial
Huevo Super Color - Caja de 100 unidades ,$23.300,100,Agricovial,Agricovial
Huevo Extra Color - Caja de 180 unidades ,$39.060,180,Agricovial,Agricovial
HUEVO MEDIANO 30UN YEMITA,8320,30,Central Mayorista,Central Mayorista
HUEVO EXTRA 20UN YEMITA,6950,20,Central Mayorista,Central Mayorista
HUEVO MEDIANO BLANCO 60UN COLIUMO,12250,60,Central Mayorista,Central Mayorista
HUEVO MEDIANO COLOR 60UN SANTA ELVIRA,9990,60,Central Mayorista,Central Mayorista
HUEVO MEDIANO COLOR 30UN SANTA ELVIRA,5250,30,Central Mayorista,Central Mayorista
HUEVO MEDIANO 60UN YEMITA,15990,60,Central Mayorista,Central Mayorista
HUEVO GRANDE 60UN YEMITA,22730,60,Central Mayorista,Central Mayorista
HUEVO COLOR LG,5190,N/A,Central Mayorista,Central Mayorista
HUEVO EN POLVO CINTA AZUL 360GR,4890,N/A,Central Mayorista,Central Mayorista
HUEVO EN POLVO CINTA AZUL KG,11790,N/A,Central Mayorista,Central Mayorista
HUEVO MEDIANO BLANCO 180UN COLIUMO,36190,180,Central Mayorista,Central Mayorista
Caja 5 Pack Grande Blanco 30 Unidades (150 huevos),$34.500,150,Cintazul,Cintazul
Caja Primera Blanco Docena (180 Huevos),$41.400,180,Cintazul,Cintazul
Caja Segunda Blanco Granel (180 huevos),$37.800,180,Cintazul,Cintazul
Caja Primera Blanco Granel (180 huevos),$39.600,180,Cintazul,Cintazul
Caja Extra Blanco Granel (180 huevos),$43.200,180,Cintazul,Cintazul
Caja Super Extra Blanco Granel (180 huevos),$45.000,180,Cintazul,Cintazul
Caja Jumbo Blanco Granel (120 huevos),$33.600,120,Cintazul,Cintazul
Caja 5 Pack Huevo 20 Extra Blanco (100 huevos),$25.000,100,Cintazul,Cintazul
Caja Segunda Color Granel (180 huevos),$37.800,180,Cintazul,Cintazul
Caja Primera Color Granel (180 huevos),$39.600,180,Cintazul,Cintazul
Caja Extra Color Granel (180 huevos),$43.200,180,Cintazul,Cintazul
Caja Super Extra Color Granel (180 huevos),$45.000,180,Cintazul,Cintazul
Caja Jumbo Color Granel (120 huevos),$33.600,120,Cintazul,Cintazul
Caja Huevo de Gallina Libre 5 Pack 20 Un (100 Huevos),$28.000,100,Cintazul,Cintazul
Caja de Gallina Libre Pastoreo (180 huevos),$50.400,180,Cintazul,Cintazul
Caja de Gallina Libre Color Docena (180 huevos),$46.800,180,Cintazul,Cintazul
Caja Super Extra Granel Gallina Libre (180 huevos),$50.400,180,Cintazul,Cintazul
Caja Extra Granel Gallina Libre (180 huevos),$48.600,180,Cintazul,Cintazul
JUMBO COLOR 100 U.,31100,100,Coliumo,Coliumo
JUMBO BLANCO 100 U.,30800,100,Coliumo,Coliumo
SUPER COLOR 100 U.,29000,100,Coliumo,Coliumo
SUPER BLANCO 100 U,28700,100,Coliumo,Coliumo
HUEVOS JUMBO COLOR 60 UNIDADES,20300,60,Coliumo,Coliumo
HUEVOS JUMBO COLOR 80 UNIDADES GRANEL,25900,80,Coliumo,Coliumo
HUEVOS EXTRA COLOR 180 UNIDADES,49500,180,Coliumo,Coliumo
HUEVOS SUPER COLOR 80 UNIDADES,24100,80,Coliumo,Coliumo
HUEVOS JUMBO BLANCO 60 UNIDADES,20000,60,Coliumo,Coliumo
EXTRA BLANCO 180 U.,49000,180,Coliumo,Coliumo
HUEVOS SUPER COLOR 60 UNIDADES,18800,60,Coliumo,Coliumo
HUEVOS JUMBO BLANCO 80 UNIDADES,25600,80,Coliumo,Coliumo
HUEVOS SUPER BLANCO 60 UNIDADES,18600,60,Coliumo,Coliumo
HUEVOS SUPER BLANCO 80 UNIDADES,23900,80,Coliumo,Coliumo
HUEVOS PRIMERA COLOR 180 UNIDADES,46900,180,Coliumo,Coliumo
PRIMERA BLANCO 180 U.,46300,180,Coliumo,Coliumo
HUEVOS SEGUNDA COLOR 180 UNIDADES,39900,180,Coliumo,Coliumo
HUEVOS SEGUNDA BLANCO 180 UNIDADES,39400,180,Coliumo,Coliumo
10 EcoHuevos de Gallinas Libres a Pastoreo,$4.790,10,Ecoterra,Ecoterra
Huevo Orgánico de Gallina Libre a Pastoreo 10 Und,$5.490,10,Ecoterra,Ecoterra
Huevos Circulares de Gallinas Libres a Pastoreo 10 Und,$5.490,10,Ecoterra,Ecoterra
Huevos Restorativos de Gallinas Libres a Pastoreo 10 Und,$5.490,10,Ecoterra,Ecoterra
20 EcoHuevos de Gallinas Libres a Pastoreo,$8.490,20,Ecoterra,Ecoterra
Caja Huevo L 40 und Gallina Libre a Pastoreo,$16.990,40,Ecoterra,Ecoterra
Caja Huevo XL 40 und Gallina Libre a Pastoreo,$19.990,40,Ecoterra,Ecoterra
Caja Huevo M 60 und Gallina Libre a Pastoreo,$20.990,60,Ecoterra,Ecoterra
Caja Huevo L 60 und Gallina Libre a Pastoreo,$23.990,60,Ecoterra,Ecoterra
Caja Huevo 180 und Gallina Libre a Pastoreo,$44.490,180,Ecoterra,Ecoterra
Caja Huevo 100 und Gallina Libre a Pastoreo,$34.990,100,Ecoterra,Ecoterra
Huevos Grandes Blancos 12 un.,3629,12,Santa Marta,Jumbo
Huevos Grandes Color 12 un.,4699,12,La Granja,Jumbo
Huevos Grandes Color Omega 3 12 un.,3629,3,Omega 3,Jumbo
Huevos Grandes de Gallina Libre  12 un.,4789,12,Cintazul,Jumbo
Huevos Extra Blancos 12 un.,3769,12,Cintazul,Jumbo
Huevos Gallina Libre 20 un.,9359,20,Ecoterra,Jumbo
Huevos de Gallina Libre 12 un.,4869,12,Gallina Feliz,Jumbo
Huevos 30 un.,8829,30,Omega 3,Jumbo
Huevos Grandes Color 6 un.,2799,6,La Granja,Jumbo
Huevos Omega 3 Grandes Color Plus 12 un.,4299,3,Omega 3,Jumbo
Huevos Color de Gallina Libre 10 un.,5069,10,Ecoterra,Jumbo
Huevos Super Extra Blancos Cinta Azul 12 un.,3929,12,Cintazul,Jumbo
Huevos Color Gallina Libre 12 un.,4519,12,La Castellana,Jumbo
Huevos Extra Blancos 12 un.,3799,12,Santa Marta,Jumbo
Pack Medianos Huevos Extra Blancos 30 un.,8499,30,Yemita,Jumbo
Huevos Gallina Libre 18 un.,7299,18,Gallina Feliz,Jumbo
Huevos Color Mediano Pollita Feliz 10 un.,3299,10,Gallina Feliz,Jumbo
Huevos de Codorniz 24 un.,2999,24,Cuisine & Co,Jumbo
Huevos Extra Grande Blanco Cuisine & Co 20 un.,6299,20,Cuisine & Co,Jumbo
Huevos Omega 3 Plus 6 un.,2219,3,Omega 3,Jumbo
Huevos Extra Blancos 12 un.,3999,12,Yemita,Jumbo
Huevos Extra Color Coliumo 18 un.,5719,18,Coliumo,Jumbo
Huevos Premium Grandes Color 12 un.,3679,12,Coliumo,Jumbo
Huevos Extra Color Gallina Libre Cuisine & Co 20 un.,7799,20,Cuisine & Co,Jumbo
Huevos Grandes Color Gallinas de Libre Pastoreo 12 un.,5199,12,Cintazul,Jumbo
Huevos 12 un.,5149,12,Ecoterra,Jumbo
Huevos Súper Blanco Coliumo 20 un.,6749,20,Coliumo,Jumbo
Huevos Grande Color Gallina Libre Cuisine & Co 30 un.,10649,30,Cuisine & Co,Jumbo
Huevos Grandes Color 12 un.,3889,12,Yemita,Jumbo
Huevos Extra Grande Color Cuisine & Co 20 un.,6649,20,Cuisine & Co,Jumbo
Huevos de Codorniz 24 un.,2999,24,Talagante,Jumbo
Huevos de Codorniz 24 un.,2939,24,Don Guillermo,Jumbo
Huevos Mediano Blanco Cuisine & Co 30 un.,8099,30,Cuisine & Co,Jumbo
Huevos duros de Codorniz 18 un.,4999,18,Doña Blanca,Jumbo
Huevo Yemita Extra Blanco 18 un.,5599,18,Yemita,Jumbo
Huevos de Codorniz 24 un.,3169,24,Doña Blanca,Jumbo
Huevos Regenerativos 10 un.,5390,10,Ecoterra,Jumbo
Huevos Circulares 10 un.,5390,10,Ecoterra,Jumbo
Huevos Grande Color 12un,3890,12,Yemita,Lider
Huevos Extra Grande Blanco 20un,6390,20,Lider,Lider
Huevos Grande Blanco 12un,3590,12,Lider,Lider
Huevos Extra Grande Blanco 12un,3790,12,Lider,Lider
Huevos de Campo Grande Color Gallina Libre,4490,N/A,La Granja,Lider
Huevos Mediano Blanco Bandeja 30un,7990,30,Lider,Lider
Huevos Extra Grande Blanco 20un,7090,20,Yemita,Lider
Huevos Color Gallina Libre 18un,5250,18,La Granja,Lider
Huevos Mediano Bandeja 30un,8490,30,Yemita,Lider
Huevos Premium Grande Color 30 un..,8890,30,Coliumo,Lider
Huevos Premium Grande Blanco 30 un..,8190,30,Coliumo,Lider
Huevos Grande Blanco 12un,3790,12,Yemita,Lider
Huevos Extra Grande Blanco 12un,3890,12,Yemita,Lider
Huevos Grande Color 12un,3690,12,Lider,Lider
Huevos Mediano Blanco Bandeja 30un,8490,30,Cintazul,Lider
Huevos Extra Grande Blanco 20un,6390,20,Cintazul,Lider
Huevos Extra Grande Blanco 12un,3790,12,Cintazul,Lider
Huevos  Grande Color Gallinas Libres 12 un..,4250,12,Castellana,Lider
Huevos Grande Color 12un,3390,12,HO Don Custodio,Lider
Huevos de Primera Blanco Sabor a Campo,3290,N/A,Coliumo,Lider
Huevo Grande Blanco,8790,N/A,Cinta Azul,Lider
Huevos Grande Blanco 6un,1990,6,Yemita,Lider
Huevos Súper Color Gallinas Libres 20 un..,8390,20,La Castellana,Lider
Huevo Grande Blanco,8790,N/A,Santa Marta,Lider
Huevos Omega 3,3690,N/A,Omega 3,Lider
Huevo Extra Blanco,6390,N/A,Huevos De Talca,Lider
Huevos Premium Súper Color 20 un..,6990,20,Coliumo,Lider
Huevos Mediano Color Bandeja 30un,7990,30,Omega 3,Lider
Huevos Grande Blanco 12un,3290,12,Cintazul,Lider
Huevos de Campo Grande Color Caja,2690,N/A,La Granja,Lider
Huevo Extra Color Gallina Libre,7490,N/A,Huevos Del Granero,Lider
Huevos Grande Color 12un,3750,12,Cintazul,Lider
Huevos Extra Grande Blanco 18un,6290,18,Yemita,Lider
Huevos Extra Grande Color 18un,5690,18,Coliumo,Lider
Huevos Grande Gallina Libre 12 Un,4990,12,Selección,Lider
Huevos Grande Blanco 12un,3490,12,Huevos de Talca,Lider
Huevo Grande Color,8790,N/A,Santa Marta,Lider
Huevos Omega 3 Plus 12un,4490,312,Omega 3,Lider
Huevo Grande Blanco,8750,N/A,Huevos De Talca,Lider
Huevos Grande Blanco 12un,3390,12,HO Don Custodio,Lider
Huevo Extra Blanco,3990,N/A,Santa Marta,Lider
Huevos Grande Blanco,1890,N/A,Lider,Lider
Huevos Color Gallina Libre 12 Un,4690,12,Cintazul,Lider
Huevos Mediano Blanco,7490,N/A,Santa Marta,Lider
Huevo Grande Blanco,3590,N/A,Santa Marta,Lider
Huevos grandes color,7990,N/A,Selección,Lider
Huevo Grande Color,3590,N/A,Santa Marta,Lider
Huevos Color Gallina Libre A Pastoreo 1530 gr,11490,N/A,Ecoterra,Lider
Huevos de Gallina Libre  20un,9190,20,Ecoterra,Lider
Huevos de Codorniz 24un,3690,24,Los Espinos,Lider
Huevos Gallina Libre 10 un,4950,10,Ecoterra,Lider
Huevo Grande Extra Gallina Libre,7790,N/A,Cinta Azul,Lider
Huevos Gallina Feliz,2950,N/A,Gallina Feliz,Lider
Huevos Color Gallina Libre 18un,7990,18,Ecoterra,Lider
Huevo Grande Color Gallina Libre,4590,N/A,Huevos Del Granero,Lider
Huevos Gallina Feliz 12un,4250,12,Gallina Feliz,Lider
Huevos Mediano Color,7490,N/A,Santa Marta,Lider
Huevo En Polvo Libre Pastoreo,5890,N/A,Ecoterra,Lider
Clara De Huevo En Polvo Pasteurizada,7590,N/A,Ecoterra,Lider
Huevo Ente Liquido,3890,N/A,Ecoterra,Lider
Clara Huevo Liquida,4790,N/A,Ecoterra,Lider
Huevos Blanco Grande,7690,N/A,Mantiqueira,Lider
Huevo En Polvo,15990,N/A,Cintazul,Lider
Huevos Orgánicos Gallinas Libres Pastoreo,5590,N/A,Ecoterra,Lider
Cintazul Huevos Blancos Grandes,4290,12,Ok Market,Ok Market
Cintazul Huevos de Gallina Libre,4990,12,Ok Market,Ok Market
Cintazul Huevos de Color Grandes L,3990,12,Ok Market,Ok Market
Cintazul Huevos Extra Blanco XL,7000,20,Ok Market,Ok Market
Huevo Cintazul Blanco 12 Un,2990,12,Oxxo,Oxxo
Huevo Grande Cintazul Color Gallina Libre 12 Un,4490,12,Oxxo,Oxxo
Huevo Cintazul Blanco 6 Un,2490,6,Oxxo,Oxxo
Huevo Cintazul Color 12 Un,3990,12,Oxxo,Oxxo
Huevo Primera Blanco Coliumo 12 Un,3990,12,Oxxo,Oxxo
Huevo Super Blanco Coliumo 20 Un,7390,20,Oxxo,Oxxo
Huevos Grandes Blancos 12 un.,3669,12,Cintazul,Santa Isabel
Huevos Grandes Blancos 12 un.,3419,12,Cuisine & Co,Santa Isabel
Huevos Grandes Blancos 12 un.,3599,12,Santa Marta,Santa Isabel
Huevos Blancos Grandes 12 un.,3419,12,Yemita,Santa Isabel
Huevos Grandes Color 12 un.,3579,12,Cuisine & Co,Santa Isabel
Huevos Grandes de Gallina Libre  12 un.,4749,12,Cintazul,Santa Isabel
Huevos Grandes Color 12 un.,3749,12,Cintazul,Santa Isabel
Pack Medianos Huevos Extra Blancos 30 un.,8449,30,Yemita,Santa Isabel
Huevos Color Gallina Libre 12 un.,4459,12,Cuisine & Co,Santa Isabel
Huevos Grandes Color 12 un.,4659,12,La Granja,Santa Isabel
Huevos Extra Blancos 12 un.,3749,12,Cintazul,Santa Isabel
Huevos Omega 3 Plus 6 un.,2199,3,Omega 3,Santa Isabel
Huevos Grandes Color 12 un.,3769,12,Santa Marta,Santa Isabel
Huevos Extra Grande Color Cuisine & Co 20 un.,6599,20,Cuisine & Co,Santa Isabel
Huevos de Codorniz 24 un.,2979,24,Cuisine & Co,Santa Isabel
Huevos Grandes Color 12 un.,3859,12,Yemita,Santa Isabel
Huevos Extra Color Gallina Libre Cuisine & Co 20 un.,7749,20,Cuisine & Co,Santa Isabel
Huevos Mediano Blanco Cuisine & Co 30 un.,7999,30,Cuisine & Co,Santa Isabel
Huevos Grandes Color Gallinas de Libre Pastoreo 12 un.,5139,12,Cintazul,Santa Isabel
Huevos de Codorniz 24 un.,2979,24,Talagante,Santa Isabel
Huevo Yemita Extra Blanco 18 un.,5549,18,Yemita,Santa Isabel
CAJA DE 6 BANDEJAS (30 UNI) - 180 UNIDADES,$35.900,180,Santa Marta,Santa Marta
CAJA DE 6 BANDEJAS (30 UNI) - 180 UNIDADES,$40.200,180,Santa Marta,Santa Marta
CAJA DE 5 PACK (30 UNI) - 150 UNIDADES,$30.700,150,Santa Marta,Santa Marta
CAJA DE 4 PACK (20 UNI) - 80 UNIDADES,$19.500,80,Santa Marta,Santa Marta
CAJA DE 5 PACK (30 UNI) - 150 UNIDADES,$34.300,150,Santa Marta,Santa Marta
CAJA DE 15 ESTUCHES (12 UNI) - 180 UNIDADES,$41.500,180,Santa Marta,Santa Marta
CAJA DE 15 ESTUCHES (12 UNI) - 180 UNIDADES,$44.300,180,Santa Marta,Santa Marta
CAJA DE 5 BANDEJAS (20 UNI) - 100 UNIDADES,$24.700,100,Santa Marta,Santa Marta
CAJA DE 6 BANDEJAS (30 UNI) - 180 UNIDADES,$43.000,180,Santa Marta,Santa Marta
CAJA DE 5 BANDEJAS (20 UNI) - 100 UNIDADES,$25.300,100,Santa Marta,Santa Marta
CAJA DE 6 BANDEJAS (30 UNI) - 180 UNIDADES,$44.700,180,Santa Marta,Santa Marta
CAJA DE 5 PACK (30 UNI) - 150 UNIDADES,$30.800,150,Santa Marta,Santa Marta
CAJA DE 6 BANDEJAS (30 UNI) - 180 UNIDADES,$40.400,180,Santa Marta,Santa Marta
CAJA DE 4 PACK (20 UNI) - 80 UNIDADES,$20.300,80,Santa Marta,Santa Marta
CAJA DE 15 ESTUCHES (12 UNI) - 180 UNIDADES,$46.000,180,Santa Marta,Santa Marta
CAJA DE 5 PACK (30 UNI) - 150 UNIDADES,$34.400,150,Santa Marta,Santa Marta
CAJA DE 15 ESTUCHES (12 UNI) - 180 UNIDADES,$41.700,180,Santa Marta,Santa Marta
CAJA DE 15 ESTUCHES (12 UNI) - 180 UNIDADES,$45.600,180,Santa Marta,Santa Marta
CAJA DE 4 PACK (20 UNI) - 80 UNIDADES,$20.100,80,Santa Marta,Santa Marta
CAJA DE 6 BANDEJAS (30 UNI) - 180 UNIDADES,$36.100,180,Santa Marta,Santa Marta
CAJA DE 5 PACK (30 UNI) - 150 UNIDADES,$34.100,150,Santa Marta,Santa Marta
CAJA DE 6 BANDEJAS (30 UNI) - 180 UNIDADES,$54.100,180,Santa Marta,Santa Marta
CAJA DE 15 ESTUCHES (12 UNI) - 180 UNIDADES,$41.680,180,Santa Marta,Santa Marta
CAJA DE 4 PACK (20 UNI) - 80 UNIDADES,$24.400,80,Santa Marta,Santa Marta
CAJA DE 15 ESTUCHES (12 UNI) - 180 UNIDADES,$51.100,180,Santa Marta,Santa Marta
CAJA DE 6 BANDEJAS (30 UNI) - 180 UNIDADES,$49.800,180,Santa Marta,Santa Marta
Huevos grande blanco Yemita 12 un,4120,12,Yemita,Unimarc
Huevos medianos blancos Yemita 30 un,9250,30,Yemita,Unimarc
Huevo grande color La Granja 12 un,4990,12,La Granja,Unimarc
Huevos grande color Yemita 12 un,4230,12,Yemita,Unimarc
Huevos extra blanco Yemita 12 un,4230,12,Yemita,Unimarc
Huevo Yemita extra blanco 18 un,6850,18,Yemita,Unimarc
Huevos Nuestra Cocina grande color 12 un,3990,12,Nuestra Cocina,Unimarc
Huevo grande color La Granja 6 un,2920,6,La Granja,Unimarc
Huevos gallinas libres Ecoterra 10 un,5490,10,Ecoterra,Unimarc
Huevos campo gallina libre Ecoterra bandeja 30 un,12250,30,Ecoterra,Unimarc
Huevos extra blanco grande Cintazul 20 un,7090,20,Cintazul,Unimarc
Huevos extra blanco grande Cintazul 12 un,4230,12,Cintazul,Unimarc
Huevos Nuestra Cocina blanco extra 20 un,7090,20,Nuestra Cocina,Unimarc
Huevos blanco grande Cintazul 12 un,4180,12,Cintazul,Unimarc
Huevos mediano blanco De Talca 30 un,7750,30,Huevos De Talca,Unimarc
Huevos blanco grande Cintazul 30 un,10090,30,Cintazul,Unimarc
Huevo extra color Santa Marta 20 un,6850,20,Santa Marta,Unimarc
Huevos mediano color La Granja 18 un,5690,18,La Granja,Unimarc
Huevo mediano color Santa Marta 30 un,8150,30,Santa Marta,Unimarc
Huevo Coliumo grande color 30 un,9450,30,Coliumo,Unimarc
Huevo grande blanco Huevos de Talca 12 un,3790,12,Huevos De Talca,Unimarc
Huevo de campo Ecoterra gallina libre 12 un,5750,12,Ecoterra,Unimarc
Huevo Coliumo extra color 12 un,4590,12,Coliumo,Unimarc
Huevos de color Talca grande 6 un,2190,6,Huevos De Talca,Unimarc
Huevos Cintazul gallina libre 12 un,5390,12,Cintazul,Unimarc
Huevos color grande Cintazul libre pastoreo bandeja 12 un,5550,12,Cintazul,Unimarc
Huevo de codorniz Don Guillermo bandeja 18 un,2790,18,Don Guillermo,Unimarc
Huevo mediano blanco Santa Marta 30 un,8290,30,Santa Marta,Unimarc
Huevo de campo Ecoterra gallina libre 20 un,10190,20,Ecoterra,Unimarc
Huevo Coliumo grande blanco 12 un,3970,12,Coliumo,Unimarc
Huevo Grande Color Santa Marta 30 Un,10290,30,Santa Marta,Unimarc
Huevo grande blanco Yemita 6 un,2160,6,Yemita,Unimarc
Huevo Extra Blanco De Talca 20 Un,6850,20,Huevos De Talca,Unimarc
Huevo extra color Huevos de Talca 12 un,4790,12,Huevos De Talca,Unimarc
Huevos mediano color Omega 3 bandeja 30 un,8690,30,Omega 3,Unimarc
Huevos blanco grande Santa Marta 12 un,3990,12,Santa Marta,Unimarc
Huevo grande color Huevos de Talca 12 un,4120,12,Huevos De Talca,Unimarc
Huevo extra blanco Santa Marta 20 un,7150,20,Santa Marta,Unimarc
Huevos grande color Cintazul 12 un,4170,12,Cintazul,Unimarc
Huevos blanco Santa Marta grande 30 un,10250,30,Santa Marta,Unimarc
Huevo extra blanco Huevos de Talca 12 un,4190,12,Huevos De Talca,Unimarc
Huevos blanco grande Cintazul 6 un,2450,6,Cintazul,Unimarc
Huevo de campo Ecoterra gallina libre 18 un,10750,18,Ecoterra,Unimarc
Huevos grandes Omega 3 plus 12 un,4840,12,Omega 3,Unimarc
Huevo diet Omega 3 6 un,2710,6,Omega 3,Unimarc
Huevos Santa Marta extra color 12 un,4430,12,Santa Marta,Unimarc
Huevos Cintazul gallina libre 6 un,2490,6,Cintazul,Unimarc
Huevo Extra Blanco Santa Marta 12 Un,4290,12,Santa Marta,Unimarc
Huevo Grande Blanco De Talca 6 Un,2050,6,Huevos De Talca,Unimarc
Huevos diet Omega 3 12 un,3990,12,Omega 3,Unimarc